{"cameraMode":{"drawMode":0,"name":"Shaded","section":"Shading Mode"},"sceneLighting":true,"audioPlay":false,"sceneViewState":{"m_AlwaysRefresh":false,"showFog":false,"showSkybox":false,"showFlares":false,"showImageEffects":true,"showParticleSystems":true,"showVisualEffectGraphs":true,"m_FxEnabled":false},"in2DMode":false,"pivot":{"x":0.43690651655197146,"y":-61.32025146484375,"z":4.495436668395996},"rotation":{"x":0.002286712173372507,"y":-0.7184715270996094,"z":0.6955609917640686,"w":0.0023545483127236368},"size":129.9290771484375,"orthographic":false}